{
  "project_info": {
    "project_number": "350583706420",
    "firebase_url": "https://flyingfish-5f852-default-rtdb.firebaseio.com",
    "project_id": "flyingfish-5f852",
    "storage_bucket": "flyingfish-5f852.appspot.com"
  },
  "client": [
    {
      "client_info": {
        "mobilesdk_app_id": "1:350583706420:android:706a66e6225251945e8b61",
        "android_client_info": {
          "package_name": "com.example.flyingfish"
        }
      },
      "oauth_client": [],
      "api_key": [
        {
          "current_key": "AIzaSyDCwgKIJ87pHuIc6b9189EyiDOs_yxsZzs"
        }
      ],
      "services": {
        "appinvite_service": {
          "other_platform_oauth_client": []
        }
      }
    }
  ],
  "configuration_version": "1"
}